source_id,record_id,GroupID
MRDS,10183303,one92
MRDS,10000032,one171
MRDS,10000117,one170
MRDS,10000367,one262
MRDS,10001107,one485
MRDS,10000500,one392
MRDS,10000467,one81
MRDS,10000469,one66
MRDS,10000488,one81
MRDS,10000502,one333
MRDS,10000685,one369
MRDS,10000733,one341
MRDS,10000734,one341
MRDS,10000839,one457
MRDS,10000840,one456
MRDS,10000841,one456
MRDS,10000849,one415
MRDS,10000885,one303
MRDS,10000886,one303
MRDS,10000889,one303
MRDS,10000929,one368
MRDS,10000966,one340
MRDS,10000974,one339
MRDS,10000998,one396
MRDS,10001098,one484
MRDS,10001106,one442
MRDS,10001095,one416
MRDS,10001129,one458
MRDS,10001166,one102
MRDS,10001249,one239
MRDS,10001261,one239
MRDS,10001262,one239
MRDS,10001346,one333
MRDS,10001354,one261
MRDS,10001381,one305
MRDS,10001386,one306
MRDS,10001400,one266
MRDS,10001641,one143
MRDS,10001637,one143
MRDS,10001694,one33
MRDS,10001707,one238
MRDS,10002386,one172
MRDS,10002221,one393
MRDS,10002223,one436
MRDS,10002227,one436
MRDS,10002228,one437
MRDS,10002231,one413
MRDS,10002233,one413
MRDS,10002234,one412
MRDS,10002238,one364
MRDS,10002245,one366
MRDS,10002264,one338
MRDS,10002271,one302
MRDS,10002287,one337
MRDS,10002299,one12
MRDS,10002326,one392
MRDS,10002327,one392
MRDS,10002338,one335
MRDS,10002339,one336
MRDS,10002340,one336
MRDS,10002377,one332
MRDS,10002392,one172
MRDS,10002396,one234
MRDS,10002448,one122
MRDS,10002603,one441
MRDS,10002669,one264
MRDS,10002734,one237
MRDS,10002780,one20
MRDS,10002888,one374
MRDS,10002909,one373
MRDS,10003070,one101
MRDS,10003143,one41
MRDS,10003146,one41
MRDS,10003383,one100
MRDS,10003445,one395
MRDS,10003627,one367
MRDS,10003646,one145
MRDS,10003725,one379
MRDS,10004133,one59
MRDS,10004407,one115
MRDS,10004749,one59
MRDS,10004792,one59
MRDS,10005315,one115
MRDS,10005728,one303
MRDS,10005840,one116
MRDS,10005842,one116
MRDS,10005843,one116
MRDS,10005975,one165
MRDS,10006118,one166
MRDS,10006139,one114
MRDS,10006140,one113
MRDS,10006248,one166
MRDS,10008488,one575
MRDS,10008229,one359
MRDS,10008418,one142
MRDS,10009003,one745
MRDS,10009016,one470
MRDS,10009095,one497
MRDS,10009898,one69
MRDS,10009881,one69
MRDS,10009945,two9
MRDS,10010078,one649
MRDS,10010080,one649
MRDS,10010082,one635
MRDS,10010413,one325
MRDS,10010543,one599
MRDS,10010599,one353
MRDS,10010845,one357
MRDS,10010860,one387
MRDS,10010901,one358
MRDS,10012715,one51
MRDS,10013296,two3
MRDS,10013400,one327
MRDS,10013716,one450
MRDS,10013747,one450
MRDS,10013869,one433
MRDS,10014642,two3
MRDS,10014643,one319
MRDS,10016215,one296
MRDS,10019056,one294
MRDS,10019320,one572
MRDS,10019389,one571
MRDS,10021001,one51
MRDS,10021394,one93
MRDS,10021395,one93
MRDS,10021470,one269
MRDS,10021617,one43
MRDS,10021933,one79
MRDS,10021937,one79
MRDS,10021966,one79
MRDS,10022033,one79
MRDS,10022646,one333
MRDS,10023258,one155
MRDS,10024530,one276
MRDS,10024464,one818
MRDS,10024462,one835
MRDS,10024463,one810
MRDS,10024459,one816
MRDS,10024460,one815
MRDS,10024461,one844
MRDS,10024465,one780
MRDS,10024466,one819
MRDS,10024467,one850
MRDS,10024468,one852
MRDS,10024469,one845
MRDS,10024470,one851
MRDS,10024471,one817
MRDS,10024472,one846
MRDS,10024473,one804
MRDS,10024474,one810
MRDS,10024475,one821
MRDS,10024476,one820
MRDS,10024477,one811
MRDS,10024478,one830
MRDS,10024479,one562
MRDS,10024480,one642
MRDS,10024481,one614
MRDS,10024482,one563
MRDS,10024494,one106
MRDS,10024495,one82
MRDS,10024496,one566
MRDS,10024498,one419
MRDS,10024501,one110
MRDS,10024502,one110
MRDS,10024504,one274
MRDS,10024505,one37
MRDS,10024508,one282
MRDS,10024509,one76
MRDS,10024510,one520
MRDS,10024511,one283
MRDS,10024513,one219
MRDS,10024514,one278
MRDS,10024529,one510
MRDS,10024515,one156
MRDS,10024518,one181
MRDS,10024520,one104
MRDS,10024522,one207
MRDS,10024523,one187
MRDS,10024526,one196
MRDS,10024527,one31
MRDS,10024528,one26
MRDS,10024533,one216
MRDS,10024534,one216
MRDS,10024535,one192
MRDS,10024536,one215
MRDS,10024538,one180
MRDS,10024570,one133
MRDS,10024571,one226
MRDS,10024572,one815
MRDS,10024573,one816
MRDS,10024574,one844
MRDS,10024575,one835
MRDS,10024576,one818
MRDS,10024577,one812
MRDS,10024578,one810
MRDS,10024579,one851
MRDS,10024580,one810
MRDS,10024581,one842
MRDS,10024582,one817
MRDS,10024583,one819
MRDS,10024584,one780
MRDS,10024590,one811
MRDS,10024585,one846
MRDS,10024586,one820
MRDS,10024587,one830
MRDS,10024588,one821
MRDS,10024589,one850
MRDS,10024591,one852
MRDS,10024592,one845
MRDS,10024593,one804
MRDS,10024594,one563
MRDS,10024595,one642
MRDS,10024860,one40
MRDS,10024864,one40
MRDS,10024917,one132
MRDS,10024923,one50
MRDS,10024989,one108
MRDS,10024993,one40
MRDS,10025781,one579
MRDS,10025903,two10
MRDS,10025906,two10
MRDS,10025907,two10
MRDS,10026473,one579
MRDS,10026478,one579
MRDS,10026486,one579
MRDS,10027541,one208
MRDS,10032111,one785
MRDS,10033073,one405
MRDS,10033088,one427
MRDS,10033096,one522
MRDS,10033126,one426
MRDS,10033145,one355
MRDS,10033242,one729
MRDS,10033306,one677
MRDS,10033279,one741
MRDS,10033280,one742
MRDS,10033281,one747
MRDS,10033282,one855
MRDS,10033285,one856
MRDS,10033286,one806
MRDS,10033287,one848
MRDS,10033288,one857
MRDS,10033289,one853
MRDS,10033290,one847
MRDS,10033291,one799
MRDS,10033307,one406
MRDS,10033292,one825
MRDS,10033293,one828
MRDS,10033294,one827
MRDS,10033295,one823
MRDS,10033296,one825
MRDS,10033297,one826
MRDS,10033298,one822
MRDS,10033299,one543
MRDS,10033300,one764
MRDS,10033301,one786
MRDS,10033302,one405
MRDS,10033303,one386
MRDS,10033304,one354
MRDS,10033305,one322
MRDS,10033308,one321
MRDS,10033309,one403
MRDS,10033387,one322
MRDS,10033431,one403
MRDS,10033757,one620
MRDS,10033759,one618
MRDS,10033760,one621
MRDS,10033787,one494
MRDS,10033762,one592
MRDS,10033763,one813
MRDS,10033764,one781
MRDS,10033765,one756
MRDS,10033766,one841
MRDS,10033767,one778
MRDS,10033768,one801
MRDS,10033770,one840
MRDS,10033771,one840
MRDS,10033772,one814
MRDS,10033788,one467
MRDS,10033773,one655
MRDS,10033774,one793
MRDS,10033775,one782
MRDS,10033776,one541
MRDS,10033777,one542
MRDS,10033778,one384
MRDS,10033779,one542
MRDS,10033780,one569
MRDS,10033781,one623
MRDS,10033782,one569
MRDS,10033783,one622
MRDS,10033785,one619
MRDS,10033786,one290
MRDS,10033790,one518
MRDS,10033791,one594
MRDS,10033792,one594
MRDS,10033793,one465
MRDS,10033794,one593
MRDS,10033795,one517
MRDS,10033935,one675
MRDS,10034098,one541
MRDS,10034255,one495
MRDS,10034268,one385
MRDS,10034305,one290
MRDS,10036920,one783
MRDS,10036921,one796
MRDS,10036507,one748
MRDS,10036655,one428
MRDS,10036657,one521
MRDS,10036660,one428
MRDS,10036661,one496
MRDS,10036803,one733
MRDS,10036804,one703
MRDS,10036817,one762
MRDS,10036825,one763
MRDS,10036919,one783
MRDS,10036898,one770
MRDS,10036903,one769
MRDS,10036922,one796
MRDS,10036923,one807
MRDS,10036924,one808
MRDS,10036925,one802
MRDS,10036926,one788
MRDS,10036927,one788
MRDS,10036930,one776
MRDS,10036943,one746
MRDS,10037016,one568
MRDS,10037023,one490
MRDS,10037854,one83
MRDS,10037860,one84
MRDS,10037911,one84
MRDS,10038010,one539
MRDS,10038078,one464
MRDS,10038079,one488
MRDS,10038083,one266
MRDS,10038112,one143
MRDS,10038232,one109
MRDS,10038127,one457
MRDS,10038190,one0
MRDS,10038191,one0
MRDS,10038192,one0
MRDS,10038194,one0
MRDS,10038195,one0
MRDS,10038230,one71
MRDS,10038231,one109
MRDS,10038233,one109
MRDS,10038234,one89
MRDS,10038235,one109
MRDS,10038236,one108
MRDS,10038260,one224
MRDS,10038297,one96
MRDS,10038313,one158
MRDS,10038315,one159
MRDS,10038415,one507
MRDS,10038416,one507
MRDS,10038419,one690
MRDS,10038420,one804
MRDS,10038421,one507
MRDS,10038422,one829
MRDS,10038424,one804
MRDS,10038427,one831
MRDS,10038428,one812
MRDS,10038430,one710
MRDS,10038431,one777
MRDS,10038433,one803
MRDS,10038434,one777
MRDS,10038435,one797
MRDS,10038436,one784
MRDS,10038439,one803
MRDS,10038441,one784
MRDS,10038442,one845
MRDS,10038443,one780
MRDS,10038444,one834
MRDS,10038445,one834
MRDS,10038447,one834
MRDS,10038448,one54
MRDS,10038449,one159
MRDS,10038450,one158
MRDS,10038622,one250
MRDS,10038682,one1
MRDS,10038694,one22
MRDS,10038699,one6
MRDS,10038802,one299
MRDS,10038748,one326
MRDS,10038764,one670
MRDS,10038765,one435
MRDS,10038766,one509
MRDS,10038769,one670
MRDS,10038770,one509
MRDS,10038771,one478
MRDS,10038772,one27
MRDS,10038773,one123
MRDS,10038791,one708
MRDS,10038796,one2
MRDS,10038808,one161
MRDS,10038809,one318
MRDS,10038814,one315
MRDS,10038819,one93
MRDS,10038825,one204
MRDS,10038826,one257
MRDS,10038836,one257
MRDS,10038919,one254
MRDS,10038877,one1
MRDS,10038911,one253
MRDS,10038917,one254
MRDS,10038920,one254
MRDS,10038921,one253
MRDS,10038922,one254
MRDS,10038928,one13
MRDS,10038935,one672
MRDS,10038973,one3
MRDS,10038974,one3
MRDS,10038975,one3
MRDS,10038976,one3
MRDS,10038990,one284
MRDS,10038991,one284
MRDS,10038992,one284
MRDS,10038994,one586
MRDS,10038999,one110
MRDS,10039019,one23
MRDS,10039026,one49
MRDS,10039042,one712
MRDS,10039044,one68
MRDS,10039047,one273
MRDS,10039048,one273
MRDS,10039049,one273
MRDS,10039050,one273
MRDS,10039056,one277
MRDS,10039064,one283
MRDS,10039076,one131
MRDS,10039077,one54
MRDS,10039086,one10
MRDS,10039091,one214
MRDS,10039112,one83
MRDS,10039114,one481
MRDS,10039159,one10
MRDS,10039160,one21
MRDS,10039161,one28
MRDS,10039177,one35
MRDS,10039178,one583
MRDS,10039179,one231
MRDS,10039180,one478
MRDS,10039181,one587
MRDS,10039182,one535
MRDS,10039183,one588
MRDS,10039185,one418
MRDS,10039186,one241
MRDS,10039188,one401
MRDS,10039189,one418
MRDS,10039190,one673
MRDS,10039235,one123
MRDS,10039191,one124
MRDS,10039192,one653
MRDS,10039193,one566
MRDS,10039194,one694
MRDS,10039195,one400
MRDS,10039196,one673
MRDS,10039197,one175
MRDS,10039199,one267
MRDS,10039201,one674
MRDS,10039202,one512
MRDS,10039203,one174
MRDS,10039204,one615
MRDS,10039205,one615
MRDS,10039206,one82
MRDS,10039207,one127
MRDS,10039208,one125
MRDS,10039213,one161
MRDS,10039215,one834
MRDS,10039216,one831
MRDS,10039217,one809
MRDS,10039218,one849
MRDS,10039219,one809
MRDS,10039220,one791
MRDS,10039221,one815
MRDS,10039222,one447
MRDS,10039223,one447
MRDS,10039230,one17
MRDS,10039231,one17
MRDS,10039233,one76
MRDS,10039238,one226
MRDS,10039240,one251
MRDS,10039241,one252
MRDS,10039243,one671
MRDS,10039244,one692
MRDS,10039245,one709
MRDS,10039247,one83
MRDS,10039248,one127
MRDS,10039250,one362
MRDS,10039251,one789
MRDS,10039276,one177
MRDS,10039278,one176
MRDS,10039280,one60
MRDS,10039282,one132
MRDS,10039284,one78
MRDS,10039305,one670
MRDS,10039293,one434
MRDS,10039294,one805
MRDS,10039295,one849
MRDS,10039297,one528
MRDS,10039298,one412
MRDS,10039299,one507
MRDS,10039300,one530
MRDS,10039301,one211
MRDS,10039304,one710
MRDS,10039306,one454
MRDS,10039310,one708
MRDS,10039311,one708
MRDS,10039312,one708
MRDS,10039313,one32
MRDS,10039315,one477
MRDS,10039317,one19
MRDS,10039318,one411
MRDS,10039320,one360
MRDS,10039322,one331
MRDS,10039324,one232
MRDS,10039325,one24
MRDS,10039327,one533
MRDS,10039329,one123
MRDS,10039330,one509
MRDS,10039331,one477
MRDS,10039332,one24
MRDS,10039333,one121
MRDS,10039334,one233
MRDS,10039335,one121
MRDS,10039336,one818
MRDS,10039337,one233
MRDS,10039338,one708
MRDS,10039339,one688
MRDS,10039340,one15
MRDS,10039341,one530
MRDS,10039342,one331
MRDS,10039343,one482
MRDS,10039348,one564
MRDS,10039349,one284
MRDS,10039350,one117
MRDS,10039352,one379
MRDS,10039353,one83
MRDS,10039354,one67
MRDS,10039355,one588
MRDS,10039356,one589
MRDS,10039357,one459
MRDS,10039358,one461
MRDS,10039359,one307
MRDS,10039360,one487
MRDS,10039361,one512
MRDS,10039371,one220
MRDS,10039378,one460
MRDS,10039579,one228
MRDS,10040008,one90
MRDS,10040151,one407
MRDS,10040157,one773
MRDS,10040159,one773
MRDS,10040166,one760
MRDS,10040170,one770
MRDS,10040180,one775
MRDS,10040181,one703
MRDS,10040222,one292
MRDS,10040483,one513
MRDS,10040671,one445
MRDS,10041091,one470
MRDS,10040960,one696
MRDS,10041170,one498
MRDS,10041302,one471
MRDS,10041303,one499
MRDS,10041311,one525
MRDS,10041401,one573
MRDS,10041402,one574
MRDS,10041403,one548
MRDS,10041569,one631
MRDS,10041570,one500
MRDS,10041660,one632
MRDS,10041661,one550
MRDS,10041662,one500
MRDS,10041663,one500
MRDS,10042336,one794
MRDS,10042342,one661
MRDS,10042344,one701
MRDS,10042345,one731
MRDS,10042347,one648
MRDS,10042372,one549
MRDS,10042384,one407
MRDS,10042391,one473
MRDS,10042397,one745
MRDS,10042685,one752
MRDS,10042687,one798
MRDS,10042725,one727
MRDS,10042880,one772
MRDS,10042983,one570
MRDS,10043117,one519
MRDS,10043140,one795
MRDS,10043141,one785
MRDS,10043185,one828
MRDS,10043243,one757
MRDS,10043259,one838
MRDS,10043266,one656
MRDS,10043268,one716
MRDS,10043680,one517
MRDS,10043728,two5
MRDS,10043962,one567
MRDS,10044194,one537
MRDS,10044699,one536
MRDS,10044714,one444
MRDS,10045082,one568
MRDS,10045365,one514
MRDS,10045368,one514
MRDS,10045688,one490
MRDS,10047005,one489
MRDS,10047179,one353
MRDS,10047314,one567
MRDS,10047353,one515
MRDS,10047365,one515
MRDS,10047426,one514
MRDS,10047502,one516
MRDS,10047503,one516
MRDS,10047827,one430
MRDS,10047917,one683
MRDS,10047983,one734
MRDS,10047996,one720
MRDS,10048000,one706
MRDS,10048002,one720
MRDS,10048024,one660
MRDS,10048031,one168
MRDS,10048038,one408
MRDS,10048446,one775
MRDS,10048460,one757
MRDS,10048466,one672
MRDS,10048478,one713
MRDS,10048496,one293
MRDS,10048501,one717
MRDS,10048507,one661
MRDS,10048502,one659
MRDS,10048504,one681
MRDS,10048505,one744
MRDS,10048506,one749
MRDS,10048508,one681
MRDS,10048509,one700
MRDS,10048511,one79
MRDS,10048512,one658
MRDS,10048514,one749
MRDS,10048522,one744
MRDS,10048523,one711
MRDS,10048608,one472
MRDS,10048632,one761
MRDS,10048658,one648
MRDS,10049097,one65
MRDS,10049487,one39
MRDS,10052654,one728
MRDS,10052659,one748
MRDS,10052666,one765
MRDS,10052679,one839
MRDS,10052680,one824
MRDS,10052685,one822
MRDS,10052914,one229
MRDS,10053281,one625
MRDS,10053333,one678
MRDS,10053357,one595
MRDS,10053464,one836
MRDS,10053688,one382
MRDS,10053914,one404
MRDS,10054775,one728
MRDS,10055089,one568
MRDS,10055197,one51
MRDS,10055388,one430
MRDS,10055839,one774
MRDS,10055842,one633
MRDS,10055845,one576
MRDS,10055896,one471
MRDS,10056088,one683
MRDS,10055939,one789
MRDS,10055969,one549
MRDS,10055997,one631
MRDS,10056099,one761
MRDS,10056111,one771
MRDS,10056235,one473
MRDS,10056245,one681
MRDS,10056246,one750
MRDS,10056247,one744
MRDS,10056248,one701
MRDS,10056249,one702
MRDS,10056250,one699
MRDS,10056252,one681
MRDS,10056253,one681
MRDS,10056254,one660
MRDS,10056256,one744
MRDS,10056257,one648
MRDS,10056259,one702
MRDS,10056260,one523
MRDS,10056261,one717
MRDS,10056262,one680
MRDS,10056263,one730
MRDS,10056351,one231
MRDS,10056371,one299
MRDS,10056416,one162
MRDS,10056552,one97
MRDS,10057278,one118
MRDS,10057279,one118
MRDS,10058820,one58
MRDS,10059578,one58
MRDS,10060670,one95
MRDS,10060671,one94
MRDS,10060672,one75
MRDS,10060676,one94
MRDS,10060741,one56
MRDS,10060745,one56
MRDS,10061550,one97
MRDS,10061551,one97
MRDS,10061559,one60
MRDS,10061782,one112
MRDS,10062008,one50
MRDS,10062418,one77
MRDS,10062439,one78
MRDS,10069631,one185
MRDS,10069632,one186
MRDS,10069635,one348
MRDS,10069637,one349
MRDS,10063739,one36
MRDS,10063847,one36
MRDS,10063981,one38
MRDS,10069679,one376
MRDS,10069680,one376
MRDS,10064326,one385
MRDS,10065478,one95
MRDS,10065479,one94
MRDS,10065480,one75
MRDS,10065483,one73
MRDS,10065639,one98
MRDS,10065640,one98
MRDS,10065641,one98
MRDS,10065642,one98
MRDS,10065643,one98
MRDS,10065652,one98
MRDS,10065694,one97
MRDS,10069696,one86
MRDS,10066763,one240
MRDS,10066760,one240
MRDS,10066762,one240
MRDS,10067409,one555
MRDS,10067413,one724
MRDS,10067416,one739
MRDS,10067429,one724
MRDS,10067481,one707
MRDS,10067486,one738
MRDS,10067487,one707
MRDS,10067488,one707
MRDS,10067491,one707
MRDS,10067526,one414
MRDS,10067528,one237
MRDS,10067530,one604
MRDS,10067532,one604
MRDS,10067533,one527
MRDS,10067534,one581
MRDS,10067535,one527
MRDS,10067537,one392
MRDS,10067538,one333
MRDS,10067539,one415
MRDS,10067565,one230
MRDS,10067570,one122
MRDS,10067572,one800
MRDS,10067573,one740
MRDS,10067574,one624
MRDS,10067576,one446
MRDS,10067579,one592
MRDS,10067580,one591
MRDS,10067582,one540
MRDS,10067587,one493
MRDS,10067588,one422
MRDS,10067589,one467
MRDS,10067590,one289
MRDS,10067591,one383
MRDS,10067592,one424
MRDS,10067593,one336
MRDS,10067720,one639
MRDS,10067769,one581
MRDS,10067821,one684
MRDS,10067822,one607
MRDS,10067823,one552
MRDS,10067824,one553
MRDS,10067825,one410
MRDS,10067828,one389
MRDS,10067830,one667
MRDS,10067831,one666
MRDS,10067832,one610
MRDS,10067833,one519
MRDS,10067835,one319
MRDS,10067838,one514
MRDS,10067843,one608
MRDS,10067844,one608
MRDS,10067845,one609
MRDS,10067846,one560
MRDS,10067847,one685
MRDS,10067848,one557
MRDS,10067849,one325
MRDS,10067850,one325
MRDS,10067853,one743
MRDS,10067854,one767
MRDS,10067855,two7
MRDS,10067857,two7
MRDS,10067858,one605
MRDS,10067859,one469
MRDS,10067860,one638
MRDS,10067862,one639
MRDS,10067863,one605
MRDS,10067864,one605
MRDS,10067866,one606
MRDS,10067867,one551
MRDS,10067868,one668
MRDS,10068210,one612
MRDS,10068215,one607
MRDS,10068216,one774
MRDS,10068217,one718
MRDS,10068218,one771
MRDS,10068219,one497
MRDS,10068220,one471
MRDS,10068221,one723
MRDS,10068222,one737
MRDS,10068223,one722
MRDS,10068225,one684
MRDS,10068226,one633
MRDS,10068227,one499
MRDS,10068456,one37
MRDS,10068465,one63
MRDS,10068485,one57
MRDS,10068855,one74
MRDS,10068937,one287
MRDS,10068938,one287
MRDS,10069035,one74
MRDS,10069036,one73
MRDS,10069245,one104
MRDS,10069193,one163
MRDS,10069194,one584
MRDS,10069195,one191
MRDS,10069196,one308
MRDS,10069197,one187
MRDS,10069198,one106
MRDS,10069212,one419
MRDS,10069213,one174
MRDS,10069214,one588
MRDS,10069215,one67
MRDS,10069216,one240
MRDS,10069217,one147
MRDS,10069218,one461
MRDS,10069219,one309
MRDS,10069224,one529
MRDS,10069226,one326
MRDS,10069227,one709
MRDS,10069228,one435
MRDS,10069229,one455
MRDS,10069230,one455
MRDS,10069231,one211
MRDS,10069232,one584
MRDS,10069233,one643
MRDS,10069234,one360
MRDS,10069236,one18
MRDS,10069237,one818
MRDS,10069239,one136
MRDS,10069240,one29
MRDS,10069241,one253
MRDS,10069242,one190
MRDS,10069243,one105
MRDS,10069244,one181
MRDS,10069246,one248
MRDS,10069248,one7
MRDS,10069249,one286
MRDS,10069250,one227
MRDS,10069251,one205
MRDS,10069252,one227
MRDS,10069253,one166
MRDS,10069254,one227
MRDS,10069257,one269
MRDS,10069258,one269
MRDS,10069259,one184
MRDS,10069260,one184
MRDS,10069261,one346
MRDS,10069263,one184
MRDS,10069264,one11
MRDS,10069265,one131
MRDS,10069267,one362
MRDS,10069268,one479
MRDS,10069269,one62
MRDS,10069270,one217
MRDS,10069296,one51
MRDS,10069370,one487
MRDS,10069371,one307
MRDS,10069372,one584
MRDS,10069373,one106
MRDS,10069376,one613
MRDS,10069377,one136
MRDS,10069379,one167
MRDS,10069621,one271
MRDS,10069622,one270
MRDS,10069626,one269
MRDS,10069645,one347
MRDS,10069646,one346
MRDS,10069650,one183
MRDS,10069651,one183
MRDS,10069652,one182
MRDS,10070076,one797
MRDS,10069938,one469
MRDS,10069962,one469
MRDS,10069968,one449
MRDS,10070075,one797
MRDS,10070064,one510
MRDS,10070066,one829
MRDS,10070068,one105
MRDS,10070069,one755
MRDS,10070070,one670
MRDS,10070071,one614
MRDS,10070072,one805
MRDS,10070073,one805
MRDS,10070074,one777
MRDS,10070078,one308
MRDS,10070079,one331
MRDS,10070080,one26
MRDS,10070138,one468
MRDS,10070298,one324
MRDS,10070511,one758
MRDS,10070512,one743
MRDS,10070514,one743
MRDS,10070517,one743
MRDS,10070518,one743
MRDS,10070519,one766
MRDS,10070520,one767
MRDS,10070521,one766
MRDS,10070522,one758
MRDS,10070523,one657
MRDS,10070524,one644
MRDS,10070543,one657
MRDS,10070544,one644
MRDS,10070549,one644
MRDS,10070550,one743
MRDS,10071874,one571
MRDS,10071935,one448
MRDS,10071936,one448
MRDS,10071988,one448
MRDS,10072179,one505
MRDS,10072187,one475
MRDS,10072944,one711
MRDS,10072945,one585
MRDS,10072946,one585
MRDS,10073057,one309
MRDS,10073113,one71
MRDS,10073171,one475
MRDS,10073174,one554
MRDS,10073397,one325
MRDS,10073446,one325
MRDS,10073450,one325
MRDS,10077302,one425
MRDS,10078272,one645
MRDS,10078298,one294
MRDS,10078354,one325
MRDS,10078668,one580
MRDS,10078712,one141
MRDS,10079661,one243
MRDS,10079223,one318
MRDS,10079224,one352
MRDS,10079228,one68
MRDS,10079492,one6
MRDS,10079577,one160
MRDS,10079573,one132
MRDS,10079574,one132
MRDS,10079575,one203
MRDS,10079576,one198
MRDS,10079578,one201
MRDS,10079579,one200
MRDS,10079580,one283
MRDS,10079581,one200
MRDS,10079582,one4
MRDS,10079583,one8
MRDS,10079584,one7
MRDS,10079585,one7
MRDS,10079586,one8
MRDS,10079587,one155
MRDS,10079588,one222
MRDS,10079589,one220
MRDS,10079590,one268
MRDS,10079591,one511
MRDS,10079592,one146
MRDS,10079593,one590
MRDS,10079594,one589
MRDS,10079595,one401
MRDS,10079596,one535
MRDS,10079597,one459
MRDS,10079598,one460
MRDS,10079599,one588
MRDS,10079601,one419
MRDS,10079603,one82
MRDS,10079604,one82
MRDS,10079605,one176
MRDS,10079606,one219
MRDS,10079607,one278
MRDS,10079611,one129
MRDS,10079612,one149
MRDS,10079613,one149
MRDS,10079614,one30
MRDS,10079615,one64
MRDS,10079616,one194
MRDS,10079617,one194
MRDS,10079618,one194
MRDS,10079619,one192
MRDS,10079620,one111
MRDS,10079621,one134
MRDS,10079622,one112
MRDS,10079623,one96
MRDS,10079624,one96
MRDS,10079625,one47
MRDS,10079626,one117
MRDS,10079627,one99
MRDS,10079652,one246
MRDS,10079653,one246
MRDS,10079654,one246
MRDS,10079655,one245
MRDS,10079657,one463
MRDS,10079658,one344
MRDS,10079659,one244
MRDS,10079660,one345
MRDS,10079664,one150
MRDS,10079665,one150
MRDS,10080127,one552
MRDS,10080129,one723
MRDS,10080130,one737
MRDS,10080131,one736
MRDS,10080886,one328
MRDS,10081194,one409
MRDS,10081611,one134
MRDS,10082817,one585
MRDS,10082823,one712
MRDS,10082825,one713
MRDS,10082827,one641
MRDS,10082828,one641
MRDS,10082829,one713
MRDS,10082830,one713
MRDS,10082831,one713
MRDS,10082832,one714
MRDS,10082833,one714
MRDS,10082891,one561
MRDS,10082900,one561
MRDS,10083272,one561
MRDS,10083636,one453
MRDS,10083640,one581
MRDS,10084420,two6
MRDS,10084421,one685
MRDS,10084543,one558
MRDS,10084659,one559
MRDS,10084760,one153
MRDS,10084785,one605
MRDS,10084852,one196
MRDS,10085045,one507
MRDS,10085046,one507
MRDS,10085243,one82
MRDS,10085265,one343
MRDS,10085266,one342
MRDS,10085268,one342
MRDS,10085269,one246
MRDS,10085285,one218
MRDS,10085286,one218
MRDS,10085460,one119
MRDS,10085461,one119
MRDS,10085462,one120
MRDS,10085463,one137
MRDS,10085464,one138
MRDS,10085466,one139
MRDS,10085467,two2
MRDS,10085675,one39
MRDS,10085870,one157
MRDS,10085876,one249
MRDS,10085947,one99
MRDS,10085958,one117
MRDS,10086131,one61
MRDS,10086618,one654
MRDS,10087816,one450
MRDS,10088110,one141
MRDS,10088849,one209
MRDS,10088863,one662
MRDS,10088864,one704
MRDS,10088865,one734
MRDS,10088866,one682
MRDS,10088867,one721
MRDS,10089071,one468
MRDS,10089355,one71
MRDS,10089690,one257
MRDS,10090503,one61
MRDS,10090748,one69
MRDS,10091053,one296
MRDS,10091055,one296
MRDS,10092609,one501
MRDS,10092674,one634
MRDS,10092675,one705
MRDS,10093019,one209
MRDS,10093102,one658
MRDS,10093103,one661
MRDS,10093105,one732
MRDS,10093106,one659
MRDS,10093107,one701
MRDS,10093184,one49
MRDS,10093199,one48
MRDS,10093212,one49
MRDS,10093748,one753
MRDS,10093769,one580
MRDS,10093804,one221
MRDS,10093805,one443
MRDS,10094079,one301
MRDS,10094433,one22
MRDS,10094627,one431
MRDS,10094633,one431
MRDS,10094635,one433
MRDS,10094652,one432
MRDS,10095118,one854
MRDS,10095153,one729
MRDS,10095356,one808
MRDS,10095345,one447
MRDS,10095357,one802
MRDS,10095358,one576
MRDS,10095401,one454
MRDS,10095403,one651
MRDS,10095404,one476
MRDS,10095405,one689
MRDS,10095406,one411
MRDS,10095407,one482
MRDS,10095408,one687
MRDS,10095409,one652
MRDS,10095410,one482
MRDS,10095411,one531
MRDS,10095412,one482
MRDS,10095413,one233
MRDS,10095414,one651
MRDS,10095415,one15
MRDS,10095416,one532
MRDS,10095417,one55
MRDS,10095418,one147
MRDS,10095419,one268
MRDS,10095654,one660
MRDS,10095712,one490
MRDS,10095778,one735
MRDS,10112464,one300
MRDS,10096046,one38
MRDS,10096047,one38
MRDS,10096181,one227
MRDS,10096150,one47
MRDS,10096182,one205
MRDS,10096178,one2
MRDS,10096171,one117
MRDS,10096173,one459
MRDS,10096174,one616
MRDS,10096175,one112
MRDS,10096176,one509
MRDS,10096177,one27
MRDS,10096179,one44
MRDS,10096180,one227
MRDS,10096183,one185
MRDS,10096184,one120
MRDS,10096185,one365
MRDS,10096186,one469
MRDS,10096187,one252
MRDS,10096236,one753
MRDS,10096237,one766
MRDS,10096238,one644
MRDS,10096324,one356
MRDS,10096379,one323
MRDS,10096418,one672
MRDS,10096427,one356
MRDS,10096541,one245
MRDS,10096542,one179
MRDS,10096543,one150
MRDS,10096538,one7
MRDS,10096569,one297
MRDS,10096777,one486
MRDS,10097038,one837
MRDS,10097097,one84
MRDS,10097100,one435
MRDS,10097102,one284
MRDS,10097104,one93
MRDS,10097117,one35
MRDS,10097118,one21
MRDS,10097119,one28
MRDS,10097120,one241
MRDS,10097121,one443
MRDS,10097122,one124
MRDS,10097123,one267
MRDS,10097125,one693
MRDS,10097126,one459
MRDS,10097127,one175
MRDS,10097128,one125
MRDS,10097130,one68
MRDS,10097131,one813
MRDS,10097132,one93
MRDS,10097135,one531
MRDS,10097136,one476
MRDS,10097137,one25
MRDS,10097138,one25
MRDS,10097139,one18
MRDS,10097140,one298
MRDS,10097247,one575
MRDS,10097342,one97
MRDS,10097396,one335
MRDS,10097428,one31
MRDS,10097433,one712
MRDS,10097453,one133
MRDS,10097454,one156
MRDS,10097455,one104
MRDS,10097456,one194
MRDS,10097457,one194
MRDS,10097462,one345
MRDS,10097614,one59
MRDS,10097641,one59
MRDS,10097684,one165
MRDS,10098089,one79
MRDS,10098381,one359
MRDS,10098394,one688
MRDS,10098395,one564
MRDS,10098404,one273
MRDS,10098406,one131
MRDS,10098408,one159
MRDS,10098412,one401
MRDS,10098413,one419
MRDS,10098414,one653
MRDS,10098415,one693
MRDS,10098417,one784
MRDS,10098418,one176
MRDS,10098422,one177
MRDS,10098423,one176
MRDS,10098425,one284
MRDS,10099296,one795
MRDS,10099656,one74
MRDS,10100223,one617
MRDS,10100227,one178
MRDS,10100251,one297
MRDS,10101568,one357
MRDS,10101798,one320
MRDS,10101998,one571
MRDS,10102968,one676
MRDS,10103631,one12
MRDS,10103638,one359
MRDS,10103641,one109
MRDS,10103642,one108
MRDS,10103677,one831
MRDS,10103678,one852
MRDS,10103708,one232
MRDS,10103709,one510
MRDS,10103723,one652
MRDS,10104012,one491
MRDS,10104309,one59
MRDS,10105491,one552
MRDS,10105492,one553
MRDS,10105493,one667
MRDS,10105494,one514
MRDS,10105495,one608
MRDS,10105522,one613
MRDS,10105523,one298
MRDS,10105603,one324
MRDS,10105645,one758
MRDS,10106404,one561
MRDS,10106677,one93
MRDS,10106770,one812
MRDS,10106771,one842
MRDS,10106772,one529
MRDS,10106774,one163
MRDS,10106775,one198
MRDS,10106874,one820
MRDS,10106875,one816
MRDS,10106889,one231
MRDS,10106902,one530
MRDS,10106903,one690
MRDS,10106907,one156
MRDS,10106923,one538
MRDS,10106950,one492
MRDS,10106978,one57
MRDS,10107276,one220
MRDS,10107292,one755
MRDS,10107293,one411
MRDS,10107361,one282
MRDS,10107445,one507
MRDS,10107740,one472
MRDS,10107993,one432
MRDS,10107995,one210
MRDS,10108244,one451
MRDS,10109559,one791
MRDS,10109560,one804
MRDS,10109561,one819
MRDS,10109554,one507
MRDS,10109555,one810
MRDS,10109557,one780
MRDS,10109558,one710
MRDS,10109562,one834
MRDS,10109568,one532
MRDS,10109569,one255
MRDS,10109571,one254
MRDS,10109572,one253
MRDS,10109594,one114
MRDS,10109656,one786
MRDS,10110376,one153
MRDS,10110431,one14
MRDS,10110439,one797
MRDS,10111259,one377
MRDS,10111325,one641
MRDS,10111326,one641
MRDS,10111638,one266
MRDS,10111677,one238
MRDS,10111918,one102
MRDS,10112005,one100
MRDS,10112093,one374
MRDS,10112493,one172
MRDS,10112530,one263
MRDS,10112532,one302
MRDS,10112612,one208
MRDS,10112665,one333
MRDS,10112687,one485
MRDS,10112721,one367
MRDS,10112827,one372
MRDS,10112856,one172
MRDS,10112920,one437
MRDS,10113015,one413
MRDS,10113140,one258
MRDS,10115304,one385
MRDS,10115341,one289
MRDS,10115682,one622
MRDS,10116297,one623
MRDS,10116878,one424
MRDS,10116922,one402
MRDS,10117166,one518
MRDS,10117246,one465
MRDS,10117276,one451
MRDS,10117317,one358
MRDS,10117466,one451
MRDS,10118029,one347
MRDS,10118080,one820
MRDS,10118288,one279
MRDS,10118298,one186
MRDS,10118458,one348
MRDS,10118465,one2
MRDS,10118911,one707
MRDS,10118935,one581
MRDS,10119380,one638
MRDS,10119960,one260
MRDS,10121356,one559
MRDS,10121550,one479
MRDS,10121792,one650
MRDS,10122682,one637
MRDS,10123051,one577
MRDS,10131692,one734
MRDS,10123538,one629
MRDS,10123595,one545
MRDS,10123596,one628
MRDS,10123698,one664
MRDS,10123897,one698
MRDS,10124560,one744
MRDS,10124807,one523
MRDS,10124825,one488
MRDS,10125021,one490
MRDS,10134425,one281
MRDS,10126144,one554
MRDS,10126743,one555
MRDS,10127084,one555
MRDS,10127251,one579
MRDS,10127384,one321
MRDS,10128333,one847
MRDS,10128398,one447
MRDS,10128642,one406
MRDS,10128671,one519
MRDS,10128693,one822
MRDS,10128703,one839
MRDS,10128785,one741
MRDS,10128792,one677
MRDS,10128800,one716
MRDS,10128836,one519
MRDS,10129354,one666
MRDS,10130553,one409
MRDS,10130601,one773
MRDS,10130629,one736
MRDS,10130679,one773
MRDS,10130845,one410
MRDS,10131042,one774
MRDS,10131417,one474
MRDS,10131524,one549
MRDS,10131622,one683
MRDS,10131656,one705
MRDS,10131749,one734
MRDS,10131834,one573
MRDS,10131913,one574
MRDS,10131936,one776
MRDS,10131938,one473
MRDS,10132057,one779
MRDS,10132081,one430
MRDS,10132114,one683
MRDS,10132975,one816
MRDS,10133101,one833
MRDS,10133274,one687
MRDS,10133386,one832
MRDS,10133442,one454
MRDS,10133565,one206
MRDS,10133721,one88
MRDS,10133722,one152
MRDS,10133747,one313
MRDS,10133788,one134
MRDS,10133803,one213
MRDS,10133813,one213
MRDS,10133921,one249
MRDS,10133977,one157
MRDS,10134002,one281
MRDS,10134021,one192
MRDS,10134034,one443
MRDS,10134039,one191
MRDS,10134066,one274
MRDS,10134102,one188
MRDS,10134139,one213
MRDS,10134154,one82
MRDS,10134246,one380
MRDS,10134250,one381
MRDS,10134280,one311
MRDS,10134288,one350
MRDS,10134307,one214
MRDS,10134338,one95
MRDS,10134371,one130
MRDS,10134414,one250
MRDS,10134543,one342
MRDS,10134587,one726
MRDS,10134697,one715
MRDS,10134700,one462
MRDS,10134713,one244
MRDS,10134754,one695
MRDS,10134767,one179
MRDS,10134830,one587
MRDS,10134869,one200
MRDS,10135127,one306
MRDS,10136099,one238
MRDS,10136382,one264
MRDS,10136505,one370
MRDS,10136589,one371
MRDS,10136610,one366
MRDS,10136732,one363
MRDS,10136752,one301
MRDS,10136754,one80
MRDS,10136786,one143
MRDS,10136902,one332
MRDS,10136985,one143
MRDS,10137002,one395
MRDS,10137040,one483
MRDS,10137108,one339
MRDS,10137174,one458
MRDS,10137182,one361
MRDS,10137185,one144
MRDS,10137230,one339
MRDS,10137251,one236
MRDS,10138292,one592
MRDS,10138416,one592
MRDS,10138453,one593
MRDS,10138458,one756
MRDS,10138628,one792
MRDS,10139747,one539
MRDS,10140214,one446
MRDS,10141438,one296
MRDS,10141639,one451
MRDS,10141912,one591
MRDS,10142195,one431
MRDS,10142323,one534
MRDS,10142558,one327
MRDS,10158214,one833
MRDS,10142639,one189
MRDS,10142905,one739
MRDS,10142907,one612
MRDS,10142987,one123
MRDS,10144159,one260
MRDS,10144621,one753
MRDS,10145263,one560
MRDS,10145484,one608
MRDS,10146643,one609
MRDS,10147185,one602
MRDS,10147189,one664
MRDS,10147263,one664
MRDS,10147328,one637
MRDS,10147660,one503
MRDS,10147686,one664
MRDS,10147697,one627
MRDS,10147791,one526
MRDS,10147940,one506
MRDS,10148391,one547
MRDS,10148622,one294
MRDS,10148865,one701
MRDS,10148974,one544
MRDS,10149641,one490
MRDS,10152364,one765
MRDS,10152376,one798
MRDS,10152428,one836
MRDS,10152482,one825
MRDS,10152483,one570
MRDS,10152608,one355
MRDS,10152678,one785
MRDS,10152748,one496
MRDS,10152822,one806
MRDS,10152852,one595
MRDS,10152906,one386
MRDS,10152931,one757
MRDS,10152963,one785
MRDS,10153005,one854
MRDS,10153061,one786
MRDS,10153581,one610
MRDS,10154875,one737
MRDS,10155474,one471
MRDS,10155548,one787
MRDS,10155562,one632
MRDS,10155567,one550
MRDS,10155591,one633
MRDS,10155607,one449
MRDS,10155629,one576
MRDS,10155657,one209
MRDS,10155721,one771
MRDS,10155782,one498
MRDS,10155801,one550
MRDS,10155868,one634
MRDS,10155876,one719
MRDS,10155960,one759
MRDS,10156221,one790
MRDS,10156314,one762
MRDS,10156498,one762
MRDS,10156501,one733
MRDS,10157120,one509
MRDS,10157364,one651
MRDS,10157585,one643
MRDS,10157777,one562
MRDS,10157872,one434
MRDS,10157959,one224
MRDS,10157963,one88
MRDS,10157966,one213
MRDS,10157968,one710
MRDS,10158001,one508
MRDS,10158005,one671
MRDS,10158007,one154
MRDS,10158039,one164
MRDS,10158064,one804
MRDS,10158140,one151
MRDS,10158181,one651
MRDS,10158196,one709
MRDS,10158223,one113
MRDS,10158230,one310
MRDS,10158245,one196
MRDS,10158301,one195
MRDS,10158345,one9
MRDS,10158394,one64
MRDS,10158404,one312
MRDS,10158447,one222
MRDS,10158578,one330
MRDS,10182366,one249
MRDS,10158713,one726
MRDS,10158793,one351
MRDS,10158808,one347
MRDS,10158826,one133
MRDS,10158925,one243
MRDS,10158939,one695
MRDS,10158964,one85
MRDS,10159042,one8
MRDS,10159064,one401
MRDS,10159092,one6
MRDS,10159127,one694
MRDS,10159158,one187
MRDS,10159188,one86
MRDS,10159192,one379
MRDS,10159292,one182
MRDS,10159623,one92
MRDS,10160296,one265
MRDS,10160331,one237
MRDS,10160636,one373
MRDS,10160794,one238
MRDS,10161005,one439
MRDS,10161041,one396
MRDS,10161085,one235
MRDS,10161193,one372
MRDS,10161278,one304
MRDS,10161317,one440
MRDS,10161515,one234
MRDS,10162515,one778
MRDS,10162894,one813
MRDS,10165301,one676
MRDS,10166724,one431
MRDS,10166819,one296
MRDS,10167510,one210
MRDS,10167638,one387
MRDS,10168258,one449
MRDS,10168387,one356
MRDS,10169799,one669
MRDS,10169821,one556
MRDS,10170102,one388
MRDS,10172090,two9
MRDS,10172109,one502
MRDS,10172172,one505
MRDS,10172207,one603
MRDS,10172287,one596
MRDS,10172295,one504
MRDS,10173018,one597
MRDS,10173234,one601
MRDS,10173248,one698
MRDS,10173251,one599
MRDS,10173363,one698
MRDS,10173430,one731
MRDS,10173585,one567
MRDS,10173743,one421
MRDS,10174011,one489
MRDS,10175393,one142
MRDS,10176617,one625
MRDS,10176644,one447
MRDS,10176676,one521
MRDS,10176790,one748
MRDS,10176822,one427
MRDS,10176823,one828
MRDS,10176863,one428
MRDS,10176940,one794
MRDS,10177032,one229
MRDS,10177157,one799
MRDS,10177323,one824
MRDS,10177367,one857
MRDS,10177995,one611
MRDS,10178416,one667
MRDS,10178602,one389
MRDS,10179722,one553
MRDS,10179933,one754
MRDS,10180013,one768
MRDS,10180410,one549
MRDS,10180545,one472
MRDS,10181342,one497
MRDS,10181501,one508
MRDS,10181559,one299
MRDS,10181649,one821
MRDS,10181828,two2
MRDS,10181911,one833
MRDS,10181957,one643
MRDS,10181995,one138
MRDS,10182059,one297
MRDS,10182094,one478
MRDS,10182164,one213
MRDS,10182166,one136
MRDS,10182215,one130
MRDS,10182406,one9
MRDS,10182416,one154
MRDS,10182432,one252
MRDS,10182433,one162
MRDS,10182503,one277
MRDS,10182588,one70
MRDS,10182647,one213
MRDS,10182709,one213
MRDS,10182710,one48
MRDS,10182728,one247
MRDS,10182794,one189
MRDS,10182798,one281
MRDS,10182812,one157
MRDS,10182836,one154
MRDS,10182845,one77
MRDS,10182853,one195
MRDS,10182888,one47
MRDS,10182919,one565
MRDS,10182922,one186
MRDS,10182969,one53
MRDS,10183015,one346
MRDS,10183042,one318
MRDS,10183090,one637
MRDS,10183109,one82
MRDS,10183110,one282
MRDS,10183132,one91
MRDS,10183153,one187
MRDS,10183203,one835
MRDS,10183210,one53
MRDS,10183240,one14
MRDS,10183379,one45
MRDS,10183388,one146
MRDS,10183407,one87
MRDS,10183426,one271
MRDS,10183476,one511
MRDS,10183492,one11
MRDS,10183526,one616
MRDS,10183573,one460
MRDS,10183584,one188
MRDS,10183655,one91
MRDS,10184080,one582
MRDS,10184189,one225
MRDS,10184670,one604
MRDS,10184689,one101
MRDS,10184909,one373
MRDS,10185467,one391
MRDS,10185518,one417
MRDS,10185549,one371
MRDS,10185564,one368
MRDS,10185577,one265
MRDS,10185652,one235
MRDS,10185729,one484
MRDS,10185739,one436
MRDS,10185779,one486
MRDS,10185825,one441
MRDS,10185836,one33
MRDS,10185879,one340
MRDS,10185938,one122
MRDS,10185964,one365
MRDS,10186601,one258
MRDS,10187174,one841
MRDS,10187460,one740
MRDS,10187658,one422
MRDS,10189223,one569
MRDS,10189244,one402
MRDS,10189588,one654
MRDS,10189611,one383
MRDS,10190175,one594
MRDS,10191037,one88
MRDS,10191532,one653
MRDS,10191560,one202
MRDS,10192030,one606
MRDS,10194324,one388
MRDS,10194383,one609
MRDS,10196010,one637
MRDS,10196070,one603
MRDS,10196091,one577
MRDS,10196495,one545
MRDS,10196555,one452
MRDS,10196601,one628
MRDS,10196805,one506
MRDS,10196883,one504
MRDS,10196982,one627
MRDS,10197042,one697
MRDS,10197049,one697
MRDS,10197308,one514
MRDS,10197438,one702
MRDS,10197594,one546
MRDS,10197651,one547
MRDS,10197690,one524
MRDS,10197878,one536
MRDS,10197903,one464
MRDS,10200627,one696
MRDS,10200711,one748
MRDS,10200765,one291
MRDS,10200927,one827
MRDS,10200984,one764
MRDS,10201020,one747
MRDS,10201067,one520
MRDS,10201170,one611
MRDS,10201277,one292
MRDS,10201336,one853
MRDS,10201357,one426
MRDS,10201615,one405
MRDS,10201736,one427
MRDS,10202491,one329
MRDS,10203572,one722
MRDS,10203673,one759
MRDS,10203916,one774
MRDS,10204098,one633
MRDS,10204239,one754
MRDS,10204355,one783
MRDS,10204366,one735
MRDS,10204387,one790
MRDS,10204485,one734
MRDS,10204567,one548
MRDS,10204611,one706
MRDS,10204724,one408
MRDS,10204768,one770
MRDS,10204804,one733
MRDS,10204975,one788
MRDS,10204979,one718
MRDS,10205539,one169
MRDS,10205868,one77
MRDS,10205882,one139
MRDS,10206117,one455
MRDS,10206178,one691
MRDS,10206269,one65
MRDS,10206403,one691
MRDS,10206525,one815
MRDS,10206559,one832
MRDS,10206630,one34
MRDS,10206716,one279
MRDS,10206717,one158
MRDS,10206745,one193
MRDS,10206776,one190
MRDS,10206806,one311
MRDS,10206849,one111
MRDS,10206924,one152
MRDS,10206943,one215
MRDS,10206990,one380
MRDS,10207003,one219
MRDS,10207035,one281
MRDS,10207062,one276
MRDS,10207069,one70
MRDS,10207075,one110
MRDS,10207101,one128
MRDS,10207176,one309
MRDS,10207203,one151
MRDS,10207225,one42
MRDS,10207236,one180
MRDS,10207262,one281
MRDS,10207312,one88
MRDS,10207325,one281
MRDS,10207326,one280
MRDS,10207405,one307
MRDS,10207482,one699
MRDS,10207513,one487
MRDS,10207604,one588
MRDS,10207627,one44
MRDS,10207697,one199
MRDS,10207823,one201
MRDS,10207995,one256
MRDS,10208055,one308
MRDS,10208059,one202
MRDS,10208111,one29
MRDS,10208223,one726
MRDS,10208508,one62
MRDS,10209111,one266
MRDS,10209420,one170
MRDS,10209499,one172
MRDS,10209503,one415
MRDS,10209595,one458
MRDS,10209774,one171
MRDS,10209799,one170
MRDS,10209859,one415
MRDS,10209921,one440
MRDS,10209937,one441
MRDS,10210001,one364
MRDS,10211009,one620
MRDS,10211019,one655
MRDS,10211051,one782
MRDS,10211078,one792
MRDS,10211104,one781
MRDS,10211142,one621
MRDS,10211150,one592
MRDS,10211545,one230
MRDS,10211682,one840
MRDS,10211716,one801
MRDS,10212615,one423
MRDS,10212691,one445
MRDS,10213258,one423
MRDS,10214069,one594
MRDS,10255763,one53
MRDS,10215337,one431
MRDS,10215364,one432
MRDS,10216270,one581
MRDS,10218361,two6
MRDS,10218476,one556
MRDS,10218827,one685
MRDS,10219296,one526
MRDS,10219812,one602
MRDS,10219936,one635
MRDS,10219947,one602
MRDS,10219960,one635
MRDS,10220520,one598
MRDS,10220618,one599
MRDS,10220851,one597
MRDS,10221071,one506
MRDS,10221227,one647
MRDS,10221297,one648
MRDS,10221327,one646
MRDS,10221424,one697
MRDS,10221561,one596
MRDS,10221705,one295
MRDS,10221723,one523
MRDS,10221955,one700
MRDS,10222363,one567
MRDS,10234034,one391
MRDS,10224505,one291
MRDS,10224703,one329
MRDS,10224874,one322
MRDS,10225170,one292
MRDS,10225241,one856
MRDS,10225288,one752
MRDS,10225329,one656
MRDS,10225340,one838
MRDS,10225351,one403
MRDS,10225385,one823
MRDS,10225422,one855
MRDS,10225439,one696
MRDS,10225453,one772
MRDS,10225466,one742
MRDS,10225627,one543
MRDS,10225746,one729
MRDS,10225837,one522
MRDS,10225903,one825
MRDS,10225986,one595
MRDS,10227583,one472
MRDS,10227692,one745
MRDS,10227721,one787
MRDS,10227981,one410
MRDS,10227995,one745
MRDS,10228272,one723
MRDS,10228347,one168
MRDS,10228369,one788
MRDS,10228388,one783
MRDS,10228569,one802
MRDS,10228614,one796
MRDS,10228682,one808
MRDS,10228769,one807
MRDS,10229055,one501
MRDS,10229148,one718
MRDS,10229260,one607
MRDS,10229957,one832
MRDS,10230046,one564
MRDS,10230061,one119
MRDS,10230065,one297
MRDS,10230087,one52
MRDS,10230121,one19
MRDS,10230126,one642
MRDS,10230128,one167
MRDS,10230225,one689
MRDS,10230319,one817
MRDS,10230377,one833
MRDS,10230396,one843
MRDS,10230440,one136
MRDS,10230449,one481
MRDS,10230455,one562
MRDS,10230458,one510
MRDS,10230592,one528
MRDS,10230631,one207
MRDS,10230638,one233
MRDS,10230697,one52
MRDS,10230821,one314
MRDS,10230851,one377
MRDS,10230862,one214
MRDS,10230865,one135
MRDS,10230867,one249
MRDS,10230914,one88
MRDS,10230920,one251
MRDS,10230984,one223
MRDS,10231013,one217
MRDS,10231062,one213
MRDS,10231147,one248
MRDS,10231215,one129
MRDS,10231239,one216
MRDS,10231331,one9
MRDS,10231369,one348
MRDS,10231376,one272
MRDS,10231436,one314
MRDS,10231475,one110
MRDS,10231516,one55
MRDS,10231566,one316
MRDS,10231576,one588
MRDS,10231600,one487
MRDS,10231637,one4
MRDS,10231811,one5
MRDS,10231826,one351
MRDS,10231870,one212
MRDS,10231901,one243
MRDS,10231923,one85
MRDS,10231925,one443
MRDS,10231927,one566
MRDS,10231947,one68
MRDS,10231961,one200
MRDS,10231964,one242
MRDS,10231978,one565
MRDS,10232043,one616
MRDS,10232103,one29
MRDS,10232147,one244
MRDS,10232170,one45
MRDS,10232189,one91
MRDS,10232204,one199
MRDS,10232222,one375
MRDS,10232275,one786
MRDS,10232359,one223
MRDS,10232497,one574
MRDS,10232827,one305
MRDS,10233629,one394
MRDS,10233687,one172
MRDS,10233763,one370
MRDS,10233781,one145
MRDS,10233788,one333
MRDS,10233798,one438
MRDS,10233951,one392
MRDS,10234042,one304
MRDS,10234080,one442
MRDS,10234118,one235
MRDS,10235374,one230
MRDS,10235479,one230
MRDS,10235514,one800
MRDS,10235606,one618
MRDS,10236202,one384
MRDS,10236541,one422
MRDS,10236757,one619
MRDS,10237669,one259
MRDS,10237695,one424
MRDS,10237878,one259
MRDS,10238032,one425
MRDS,10238157,one495
MRDS,10238281,one624
MRDS,10238854,one727
MRDS,10239213,one432
MRDS,10239227,one728
MRDS,10239436,one54
MRDS,10239992,one390
MRDS,10240135,one640
MRDS,10240351,one668
MRDS,10240470,one120
MRDS,10240558,one690
MRDS,10241136,one638
MRDS,10242239,one582
MRDS,10242402,one388
MRDS,10242867,one388
MRDS,10244067,one475
MRDS,10244609,one647
MRDS,10244709,one577
MRDS,10244791,one697
MRDS,10245116,one665
MRDS,10245332,one635
MRDS,10245549,one600
MRDS,10245590,one601
MRDS,10245694,one524
MRDS,10245724,one546
MRDS,10245782,one572
MRDS,10245799,one295
MRDS,10245894,one645
MRDS,10245973,one731
MRDS,10245978,one680
MRDS,10246349,one514
MRDS,10246614,one491
MRDS,10246660,one464
MRDS,10246753,one536
MRDS,10255649,one161
MRDS,10247152,one320
MRDS,10248326,one555
MRDS,10249569,one570
MRDS,10249773,one354
MRDS,10250032,one292
MRDS,10250069,two5
MRDS,10250385,one404
MRDS,10250521,one382
MRDS,10250601,one611
MRDS,10251347,one389
MRDS,10252364,one737
MRDS,10252562,one719
MRDS,10252687,one802
MRDS,10252896,one774
MRDS,10252980,one499
MRDS,10252995,one575
MRDS,10253015,one773
MRDS,10253175,one796
MRDS,10253412,one763
MRDS,10253459,one718
MRDS,10253538,one775
MRDS,10254793,one328
MRDS,10254915,one9
MRDS,10254926,one692
MRDS,10254968,one33
MRDS,10254986,one63
MRDS,10255002,one108
MRDS,10255038,one71
MRDS,10255059,one250
MRDS,10255092,one583
MRDS,10255099,one671
MRDS,10255131,one27
MRDS,10255160,one196
MRDS,10255172,one16
MRDS,10255195,one158
MRDS,10255223,one164
MRDS,10255316,one163
MRDS,10255341,one99
MRDS,10255342,one533
MRDS,10255346,one482
MRDS,10255362,one326
MRDS,10255385,one330
MRDS,10255386,one780
MRDS,10255417,one843
MRDS,10255625,one811
MRDS,10255626,one846
MRDS,10255648,one193
MRDS,10255668,one200
MRDS,10255690,one346
MRDS,10255735,one460
MRDS,10255782,one307
MRDS,10255819,one126
MRDS,10255860,one183
MRDS,10255889,one401
MRDS,10255915,one84
MRDS,10255950,one244
MRDS,10255989,one290
MRDS,10256009,one43
MRDS,10256018,one87
MRDS,10256041,one400
MRDS,10256100,one43
MRDS,10256110,one378
MRDS,10256154,one535
MRDS,10256133,one203
MRDS,10256199,one379
MRDS,10256206,one45
MRDS,10256216,one343
MRDS,10256270,one128
MRDS,10256355,one13
MRDS,10256358,one103
MRDS,10256361,one420
MRDS,10256366,one257
MRDS,10256380,one350
MRDS,10256859,one16
MRDS,10257203,one160
MRDS,10257234,one255
MRDS,10257235,one154
MRDS,10257514,one373
MRDS,10258204,one363
MRDS,10258223,one338
MRDS,10258293,one236
MRDS,10258348,one368
MRDS,10258377,one371
MRDS,10258403,one393
MRDS,10258457,one416
MRDS,10258464,one337
MRDS,10258589,two1
MRDS,10258629,one336
MRDS,10258643,one12
MRDS,10258708,one12
MRDS,10258732,one417
MRDS,10258789,one143
MRDS,10258792,one457
MRDS,10258811,one12
MRDS,10260582,one384
MRDS,10262375,one259
MRDS,10263021,one466
MRDS,10263093,one675
MRDS,10263881,one126
MRDS,10264094,one34
MRDS,10264205,one200
MRDS,10264865,one724
MRDS,10264936,one513
MRDS,10265012,one731
MRDS,10265993,one323
MRDS,10266743,one388
MRDS,10266901,one558
MRDS,10266942,one650
MRDS,10266977,one557
MRDS,10267403,one669
MRDS,10268259,one453
MRDS,10268371,one603
MRDS,10279876,one249
MRDS,10269383,one679
MRDS,10269676,one646
MRDS,10269770,one645
MRDS,10269827,one629
MRDS,10269942,one488
MRDS,10269946,one630
MRDS,10270054,one544
MRDS,10270324,one523
MRDS,10270333,one648
MRDS,10270356,one294
MRDS,10270357,one628
MRDS,10270659,one572
MRDS,10270949,one515
MRDS,10271378,one537
MRDS,10273870,one848
MRDS,10274122,one729
MRDS,10274427,one826
MRDS,10274521,one799
MRDS,10274540,one837
MRDS,10275126,one611
MRDS,10276299,one768
MRDS,10276435,one633
MRDS,10276876,one773
MRDS,10276938,one754
MRDS,10277049,one704
MRDS,10277098,one663
MRDS,10277336,one760
MRDS,10277362,one774
MRDS,10277401,one746
MRDS,10277482,one634
MRDS,10277586,one703
MRDS,10277608,one500
MRDS,10277656,one760
MRDS,10277772,one682
MRDS,10277787,one761
MRDS,10277835,one474
MRDS,10278132,one561
MRDS,10278606,one39
MRDS,10278641,one614
MRDS,10278652,one842
MRDS,10278729,one851
MRDS,10278754,one850
MRDS,10278848,one508
MRDS,10278915,one231
MRDS,10278966,one390
MRDS,10279053,one32
MRDS,10279123,one529
MRDS,10279169,one482
MRDS,10279302,one169
MRDS,10279317,one297
MRDS,10279374,one818
MRDS,10279408,one223
MRDS,10279446,one191
MRDS,10279449,one195
MRDS,10279465,one37
MRDS,10279469,one313
MRDS,10279521,one107
MRDS,10279576,one310
MRDS,10279587,one131
MRDS,10279613,one254
MRDS,10279683,one9
MRDS,10279689,one108
MRDS,10279699,one107
MRDS,10279774,one272
MRDS,10279799,one136
MRDS,10279848,one163
MRDS,10279849,one9
MRDS,10279945,one152
MRDS,10279950,one106
MRDS,10280005,one312
MRDS,10280145,one429
MRDS,10280164,one349
MRDS,10280185,one346
MRDS,10280204,one350
MRDS,10280220,one185
MRDS,10280231,one45
MRDS,10280321,one72
MRDS,10280389,one695
MRDS,10280420,one317
MRDS,10280437,one226
MRDS,10280485,one376
MRDS,10280529,one617
MRDS,10280535,one90
MRDS,10280545,one352
MRDS,10280663,one184
MRDS,10280710,one91
MRDS,10280755,one256
MRDS,10280772,one212
MRDS,10280788,one420
MRDS,10280828,one379
MRDS,10280830,one53
MRDS,10280928,one313
MRDS,10281170,one773
MRDS,10281325,one199
MRDS,10281586,one266
MRDS,10281744,one20
MRDS,10282407,one399
MRDS,10282424,one66
MRDS,10282612,one236
MRDS,10282613,one332
MRDS,10282642,one412
MRDS,10282673,one414
MRDS,10282730,one483
MRDS,10282931,one340
MRDS,10282983,one300
MRDS,10283118,one361
MRDS,10283135,one302
MRDS,10283207,one228
MRDS,10283671,one228
MRDS,10283899,one208
MRDS,10283988,one230
MRDS,10284358,one814
MRDS,10284384,one801
MRDS,10284620,one800
MRDS,10285467,one493
MRDS,10286357,one494
MRDS,10286958,one467
MRDS,10287032,one402
MRDS,10287391,one594
MRDS,10287408,one296
MRDS,10287764,one466
MRDS,10288271,one89
MRDS,10288495,one589
MRDS,10289030,one738
MRDS,10290021,one356
MRDS,10291144,one556
MRDS,10291841,one640
MRDS,10292527,two4
MRDS,10293637,one627
MRDS,10293737,one679
MRDS,10293975,one630
MRDS,10293984,one452
MRDS,10293997,one645
MRDS,10294201,one502
MRDS,10294386,one630
MRDS,10294501,one598
MRDS,10294531,one597
MRDS,10294550,one600
MRDS,10295062,one421
MRDS,10296899,two10
MRDS,10298212,one716
MRDS,10298302,one795
MRDS,10298339,one496
MRDS,10298453,one292
MRDS,10298546,one570
MRDS,10298548,one727
MRDS,10298570,one678
MRDS,10299597,one610
MRDS,10300611,one773
MRDS,10300789,one722
MRDS,10300985,one787
MRDS,10300994,one769
MRDS,10301385,one718
MRDS,10301413,one662
MRDS,10301434,one779
MRDS,10301440,one808
MRDS,10301489,one663
MRDS,10301500,one683
MRDS,10301695,one209
MRDS,10301717,one525
MRDS,10301724,one429
MRDS,10301738,one704
MRDS,10301764,one773
MRDS,10302070,one790
MRDS,10302090,one721
MRDS,10303138,one812
MRDS,10303270,one819
MRDS,10303367,one804
MRDS,10303385,one477
MRDS,10303461,one331
MRDS,10303518,one810
MRDS,10303526,one811
MRDS,10303571,one137
MRDS,10303724,one196
MRDS,10303737,one280
MRDS,10303745,one190
MRDS,10303763,one270
MRDS,10303792,one222
MRDS,10303827,one54
MRDS,10303839,one225
MRDS,10303842,one104
MRDS,10303843,one70
MRDS,10303860,one88
MRDS,10303880,one110
MRDS,10303882,one250
MRDS,10303905,one224
MRDS,10303914,one76
MRDS,10303916,one110
MRDS,10303947,one287
MRDS,10304015,one346
MRDS,10304048,one275
MRDS,10304129,one277
MRDS,10304134,one189
MRDS,10304128,one249
MRDS,10304144,one381
MRDS,10304161,one37
MRDS,10304175,one70
MRDS,10304204,one225
MRDS,10304337,one247
MRDS,10304359,one154
MRDS,10304386,one221
MRDS,10304397,one42
MRDS,10304420,one135
MRDS,10304455,one616
MRDS,10304470,one730
MRDS,10304481,one199
MRDS,10304571,one7
MRDS,10304602,one369
MRDS,10304621,one256
MRDS,10304659,one255
MRDS,10304691,one695
MRDS,10304793,one55
MRDS,10304831,one86
MRDS,10304937,one318
MRDS,10304912,one586
MRDS,10304990,one160
MRDS,10305010,one203
MRDS,10305011,one378
MRDS,10305029,one793
MRDS,10305034,one72
MRDS,10305051,one284
MRDS,10305071,one67
MRDS,10305195,one161
MRDS,10305312,one272
MRDS,10305386,one280
MRDS,10305441,one53
MRDS,10305466,one852
MRDS,10305609,one750
MRDS,10305807,one275
MRDS,10305999,one605
MRDS,10306000,one605
MRDS,10306001,one551
MRDS,10306002,one551
MRDS,10306003,one551
MRDS,10306798,one650
MRDS,10307521,one370
MRDS,10307579,one304
MRDS,10307660,one144
MRDS,10307682,one144
MRDS,10307826,one263
MRDS,10307807,two1
MRDS,10307808,one413
MRDS,10307809,one394
MRDS,10307810,one439
MRDS,10307811,one438
MRDS,10307812,one414
MRDS,10307815,one261
MRDS,10307838,one399
MRDS,10307842,one440
MRDS,10307843,one440
MRDS,10307844,one441
MRDS,10307845,one441
MRDS,10307864,one398
MRDS,10307867,one397
MRDS,10307870,one397
MRDS,10307887,one262
MRDS,10308063,one145
MRDS,10308253,one173
MRDS,10308254,one173
MRDS,10308451,one303
MRDS,10308452,one303
MRDS,10308590,one370
MRDS,10308640,one367
MRDS,10308654,one398
MRDS,10308784,one238
MRDS,10308914,one412
MRDS,10308915,one437
MRDS,10308989,one143
MRDS,10309020,one80
MRDS,10310306,one538
MRDS,10310319,one515
MRDS,10310329,one538
MRDS,10310350,one492
MRDS,10310452,one444
MRDS,10310465,one444
MRDS,10311020,one327
MRDS,10310715,one540
MRDS,10400290,two4
MRDS,10400337,one503
MRDS,10400362,one230
MRDS,10400371,one46
MRDS,10400378,one46
MRDS,10400411,one256
MRDS,10400947,one713
MRDS,60000508,one256
MRDS,60000582,one532
MRDS,60000583,one352
MRDS,60000584,one284
MRDS,60000585,one285
MRDS,60000586,one285
MRDS,60000589,one252
MRDS,60000590,one316
MRDS,60000591,one257
MRDS,60000592,one204
MRDS,60000593,one161
MRDS,60000594,one401
MRDS,60000595,one590
MRDS,60000596,one5
MRDS,60000597,one203
MRDS,60000598,one77
MRDS,60000599,one191
MRDS,60000600,one160
MRDS,60000601,one197
MRDS,60000602,one159
MRDS,60000603,one129
MRDS,60000604,one206
MRDS,60000605,one136
MRDS,60000606,one346
MRDS,60000607,one310
MRDS,60000608,one195
MRDS,60000609,one715
MRDS,60000610,one725
MRDS,60000611,one715
MRDS,60000612,one715
MRDS,60000613,one725
MRDS,60000614,one715
MRDS,60000615,one726
MRDS,60000616,one673
MRDS,60000617,one673
MRDS,60000618,one674
MRDS,60000619,one375
MRDS,60000620,one103
MRDS,60000621,one148
MRDS,60000622,one344
MRDS,60000623,one344
MRDS,60000624,one343
MRDS,60000625,one375
MRDS,60000626,one375
MRDS,60000627,one245
MRDS,60000628,one242
MRDS,60000629,one148
MRDS,60000630,one242
MRDS,60000634,one178
MRDS,60000635,one342
MRDS,60000636,one463
MRDS,60000637,one462
MRDS,60000639,one179
MRDS,60000641,one315
MRDS,60000642,one317
MRDS,60000643,one284
MRDS,60000644,one256
MRDS,60000645,one351
MRDS,60000646,one285
MRDS,60000648,one159
MRDS,60000649,one197
MRDS,60000650,one226
MRDS,60000651,one136
MRDS,60000745,one293
MRDS,60000887,one51
MRDS,60000902,two10
MRDS,60000926,one786
MRDS,60000949,one732
MRDS,60000960,one256
MRDS,60001064,one23
MRDS,60001102,one142
MRDS,60001556,one265
MRDS,60001557,one635
MRDS,60001594,one165
MRDS,60001628,one309
MRDS,60001611,one286
MRDS,60001625,one651
MRDS,60001626,one231
MRDS,60001627,one123
MRDS,60001633,one572
MRDS,60001678,one30
MRDS,60001695,one346
MRDS,60001717,one665
MRDS,60001802,one534
MRDS,60001839,one164
MRDS,60001851,one590
MRDS,60001852,one344
MRDS,10118621,one2799
MRDS,10000880,one2800
MRDS,10002236,one2801
MRDS,10006143,one2802
MRDS,10008507,one2803
MRDS,10009026,one2804
MRDS,10022803,one2805
MRDS,10023163,one2806
MRDS,10024387,one2807
MRDS,10024569,one2808
MRDS,10027053,one2809
MRDS,10033283,one2810
MRDS,10033284,one2811
MRDS,10033758,one2812
MRDS,10033761,one2813
MRDS,10033769,one2814
MRDS,10033784,one2815
MRDS,10033789,one2816
MRDS,10036664,one2817
MRDS,10037698,one2818
MRDS,10038044,one2819
MRDS,10038314,one2820
MRDS,10038417,one2821
MRDS,10038418,one2822
MRDS,10038423,one2823
MRDS,10038425,one2824
MRDS,10038426,one2825
MRDS,10038429,one2826
MRDS,10038432,one2827
MRDS,10038437,one2828
MRDS,10038438,one2829
MRDS,10038440,one2830
MRDS,10038446,one2831
MRDS,10038695,one2832
MRDS,10038762,one2833
MRDS,10038763,one2834
MRDS,10038767,one2835
MRDS,10038797,one2836
MRDS,10038798,one2837
MRDS,10038800,one2838
MRDS,10038803,one2839
MRDS,10038828,one2840
MRDS,10038876,one2841
MRDS,10038912,one2842
MRDS,10038918,one2843
MRDS,10039063,one2844
MRDS,10039116,one2845
MRDS,10039117,one2846
MRDS,10039118,one2847
MRDS,10039184,one2848
MRDS,10039187,one2849
MRDS,10039198,one2850
MRDS,10039200,one2851
MRDS,10039232,one2852
MRDS,10039239,one2853
MRDS,10039246,one2854
MRDS,10039249,one2855
MRDS,10039283,one2856
MRDS,10039286,one2857
MRDS,10039296,one2858
MRDS,10039302,one2859
MRDS,10039303,one2860
MRDS,10039307,one2861
MRDS,10039308,one2862
MRDS,10039309,one2863
MRDS,10039314,one2864
MRDS,10039316,one2865
MRDS,10039321,one2866
MRDS,10039323,one2867
MRDS,10039328,one2868
MRDS,10039344,one2869
MRDS,10039345,one2870
MRDS,10039351,one2871
MRDS,10039379,one2872
MRDS,10040154,one2873
MRDS,10041727,one2874
MRDS,10047811,one2875
MRDS,10048462,one2876
MRDS,10048510,one2877
MRDS,10048513,one2878
MRDS,10048518,one2879
MRDS,10048520,one2880
MRDS,10048643,one2881
MRDS,10048644,one2882
MRDS,10048648,one2883
MRDS,10056251,one2884
MRDS,10056255,one2885
MRDS,10057337,one2886
MRDS,10058124,one2887
MRDS,10060832,one2888
MRDS,10061749,one2889
MRDS,10063696,one2890
MRDS,10064328,one2891
MRDS,10065665,one2892
MRDS,10065683,one2893
MRDS,10067575,one2894
MRDS,10067581,one2895
MRDS,10067827,one2896
MRDS,10067829,one2897
MRDS,10067851,one2898
MRDS,10067856,one2899
MRDS,10068172,one2900
MRDS,10068224,one2901
MRDS,10069220,one2902
MRDS,10069221,one2903
MRDS,10069223,one2904
MRDS,10069225,one2905
MRDS,10069238,one2906
MRDS,10069255,one2907
MRDS,10069256,one2908
MRDS,10069262,one2909
MRDS,10069266,one2910
MRDS,10069271,one2911
MRDS,10069419,one2912
MRDS,10070077,one2913
MRDS,10070063,one2914
MRDS,10070065,one2915
MRDS,10070067,one2916
MRDS,10070513,one2917
MRDS,10070515,one2918
MRDS,10070516,one2919
MRDS,10071983,one2920
MRDS,10073073,one2921
MRDS,10078677,one2922
MRDS,10079600,one2923
MRDS,10079608,one2924
MRDS,10079656,one2925
MRDS,10079662,one2926
MRDS,10079663,one2927
MRDS,10079905,one2928
MRDS,10082834,one2929
MRDS,10085047,one2930
MRDS,10085080,one2931
MRDS,10085244,one2932
MRDS,10085245,one2933
MRDS,10085358,one2934
MRDS,10085874,one2935
MRDS,10085929,one2936
MRDS,10085934,one2937
MRDS,10089065,one2938
MRDS,10090137,one2939
MRDS,10092638,one2940
MRDS,10093104,one2941
MRDS,10093486,one2942
MRDS,10095812,one2943
MRDS,10096235,one2944
MRDS,10097124,one2945
MRDS,10097252,one2946
MRDS,10097458,one2947
MRDS,10097461,one2948
MRDS,10098337,one2949
MRDS,10098424,one2950
MRDS,10098416,one2951
MRDS,10101671,one2952
MRDS,10103675,one2953
MRDS,10103676,one2954
MRDS,10105496,one2955
MRDS,10105521,one2956
MRDS,10106908,one2957
MRDS,10109556,one2958
MRDS,10109596,one2959
MRDS,10110438,one2960
MRDS,10111268,one2961
MRDS,10111819,one2962
MRDS,10112281,one2963
MRDS,10112731,one2964
MRDS,10113716,one2965
MRDS,10118028,one2966
MRDS,10119962,one2967
MRDS,10120626,one2968
MRDS,10123215,one2969
MRDS,10123293,one2970
MRDS,10124157,one2971
MRDS,10124739,one2972
MRDS,10125374,one2973
MRDS,10128227,one2974
MRDS,10128653,one2975
MRDS,10131596,one2976
MRDS,10133077,one2977
MRDS,10133725,one2978
MRDS,10133726,one2979
MRDS,10133966,one2980
MRDS,10134069,one2981
MRDS,10134145,one2982
MRDS,10134165,one2983
MRDS,10134183,one2984
MRDS,10135062,one2985
MRDS,10135633,one2986
MRDS,10139415,one2987
MRDS,10140787,one2988
MRDS,10143430,one2989
MRDS,10145490,one2990
MRDS,10146828,one2991
MRDS,10147969,one2992
MRDS,10148428,one2993
MRDS,10149686,one2994
MRDS,10150868,one2995
MRDS,10155592,one2996
MRDS,10155994,one2997
MRDS,10156710,one2998
MRDS,10157975,one2999
MRDS,10158290,one3000
MRDS,10158897,one3001
MRDS,10159109,one3002
MRDS,10160866,one3003
MRDS,10161181,one3004
MRDS,10161371,one3005
MRDS,10161387,one3006
MRDS,10163703,one3007
MRDS,10183507,one3008
MRDS,10166102,one3009
MRDS,10172504,one3010
MRDS,10172995,one3011
MRDS,10173214,one3012
MRDS,10180167,one3013
MRDS,10180389,one3014
MRDS,10183140,one3015
MRDS,10183219,one3016
MRDS,10183256,one3017
MRDS,10184182,one3018
MRDS,10184295,one3019
MRDS,10184382,one3020
MRDS,10191352,one3021
MRDS,10194095,one3022
MRDS,10195410,one3023
MRDS,10196818,one3024
MRDS,10201620,one3025
MRDS,10204104,one3026
MRDS,10205636,one3027
MRDS,10205883,one3028
MRDS,10206109,one3029
MRDS,10207267,one3030
MRDS,10207435,one3031
MRDS,10207596,one3032
MRDS,10207952,one3033
MRDS,10208042,one3034
MRDS,10209454,one3035
MRDS,10211569,one3036
MRDS,10212439,one3037
MRDS,10215069,one3038
MRDS,10221728,one3039
MRDS,10228573,one3040
MRDS,10229021,one3041
MRDS,10229612,one3042
MRDS,10230222,one3043
MRDS,10230785,one3044
MRDS,10230814,one3045
MRDS,10230816,one3046
MRDS,10231420,one3047
MRDS,10232006,one3048
MRDS,10234182,one3049
MRDS,10234216,one3050
MRDS,10240734,one3051
MRDS,10244805,one3052
MRDS,10245641,one3053
MRDS,10246908,one3054
MRDS,10252675,one3055
MRDS,10255000,one3056
MRDS,10255207,one3057
MRDS,10255248,one3058
MRDS,10255408,one3059
MRDS,10255482,one3060
MRDS,10255553,one3061
MRDS,10255859,one3062
MRDS,10256113,one3063
MRDS,10256123,one3064
MRDS,10256718,one3065
MRDS,10257365,one3066
MRDS,10257922,one3067
MRDS,10270458,one3068
MRDS,10275002,one3069
MRDS,10277060,one3070
MRDS,10278702,one3071
MRDS,10279468,one3072
MRDS,10279477,one3073
MRDS,10280038,one3074
MRDS,10280272,one3075
MRDS,10280336,one3076
MRDS,10280841,one3077
MRDS,10281585,one3078
MRDS,10282560,one3079
MRDS,10282918,one3080
MRDS,10284265,one3081
MRDS,10285911,one3082
MRDS,10287493,one3083
MRDS,10290353,one3084
MRDS,10291200,one3085
MRDS,10294856,one3086
MRDS,10295844,one3087
MRDS,10300652,one3088
MRDS,10300971,one3089
MRDS,10301275,one3090
MRDS,10303407,one3091
MRDS,10303649,one3092
MRDS,10304195,one3093
MRDS,10304638,one3094
MRDS,10304789,one3095
MRDS,10307567,one3096
MRDS,10307708,one3097
MRDS,10307759,one3098
MRDS,60000317,one3099
MRDS,60000509,one3100
MRDS,60000526,one3101
MRDS,60000587,one3102
MRDS,60000588,one3103
MRDS,60000631,one3104
MRDS,60000632,one3105
MRDS,60000633,one3106
MRDS,60000638,one3107
MRDS,60000954,one3108
MRDS,60001650,one3109
USMIN,AK00012,two0
USMIN,AK00017,two0
USMIN,AK00205,two1
USMIN,AK00206,two1
USMIN,AK00207,two1
USMIN,CA00070,two5
USMIN,CA00071,two5
USMIN,ID00005,two7
USMIN,ID00050,two7
USMIN,ID00051,two7
USMIN,ID00052,two7
USMIN,ID00054,two7
USMIN,ME00002,two6
USMIN,ME00003,two6
USMIN,MI00001,two4
USMIN,MN00002,two4
USMIN,MN00003,two4
USMIN,MN00008,two4
USMIN,MO00001,two9
USMIN,MO00002,two9
USMIN,MO00013,two9
USMIN,MO00014,two9
USMIN,MT00002,two8
USMIN,MT00029,two8
USMIN,NC00001,two10
USMIN,NM00041,two3
USMIN,NM00042,two3
USMIN,OR00001,two5
USMIN,OR00002,two5
USMIN,OR00005,two5
USMIN,PA00001,two6
USMIN,PR00001,two2
USMIN,PR00002,two2
USMIN,PR00003,two2
USMIN,PR00004,two2
USMIN,PR00005,two2
USMIN,TN00001,two10
